name,email,phone,join_date,segment
Christopher Hernandez,xwilson@example.org,2909429788,2024-09-22,New
Christopher Flynn,vsmith@example.net,956.687.4097x2668,2024-03-06,Regular
Kristen Hoffman,cschultz@example.org,(845)557-1404,2024-12-19,New
Jon Patrick,henry16@example.com,+1-457-261-2809,2025-01-08,New
Diamond Rojas,michaelpham@example.org,944.560.6498,2024-10-26,VIP
Alexis Henson,malonematthew@example.com,+1-664-285-2143x59236,2025-04-13,New
Courtney Black,mphillips@example.net,(882)541-5859x527,2025-07-10,Regular
Kristin Waters,onewman@example.net,(457)889-8673,2025-08-10,Regular
Nicholas Ferguson,vanessa40@example.org,632-590-9090,2024-07-29,Regular
Richard Watson,freemankevin@example.com,793.356.0991,2024-07-29,Regular
Jenna Hancock,andersonmaria@example.net,001-746-491-0813x3643,2024-09-17,Regular
Samantha Wilson,caitlin37@example.org,(468)966-6797x159,2025-01-18,VIP
Aaron White,ybennett@example.com,5897795609,2025-07-06,New
Julie Jenkins,mdavidson@example.com,001-801-307-5618x697,2024-04-27,Premium
Stacie Larson,rroberts@example.org,371.563.6616x301,2024-02-16,Regular
Abigail Ramirez,eadams@example.com,001-987-478-6840x4083,2024-03-14,VIP
Ryan Stokes,andrea85@example.org,001-773-858-0962x625,2025-12-06,Regular
Jasmine Harris,jenniferayers@example.net,246-591-2903x56896,2024-04-26,Regular
Anthony Clark,bergsandra@example.net,537.657.9771x15849,2025-09-21,Premium
Hannah Owens,travis04@example.com,+1-426-229-8441x5697,2024-11-18,New
Jonathan Mcgee,rstout@example.com,(898)810-5659x692,2025-08-15,Premium
Robert Weaver,jreid@example.net,001-747-584-7074,2025-11-07,Premium
Marcus Lee,bcooper@example.net,346.560.3572x7379,2025-01-29,VIP
Chelsea Mcdowell,karenpeters@example.net,245-727-5982,2024-12-30,Premium
Michael Williams,charles53@example.net,(316)468-9749x8544,2025-06-14,VIP
Kim Frazier,masonnicole@example.com,735-674-2324x5365,2024-11-23,Premium
Wayne Brock,adamhoward@example.com,(507)758-4543x3087,2025-01-23,New
Peter Waters,christy77@example.com,+1-327-587-3286,2025-04-30,Premium
Tabitha Taylor,tracypeterson@example.com,956.550.2058x917,2024-06-06,New
Autumn Morales,aaronyang@example.com,+1-270-869-8122x56171,2024-06-29,Regular
Matthew Scott,edwardhunt@example.net,(433)201-0707,2024-09-09,Premium
Robert Livingston,jennifer89@example.com,+1-707-720-2026x58795,2025-11-10,New
Ryan Pacheco,cjohnson@example.net,476-281-4270x0055,2025-04-11,Regular
Sherri Conway,jacquelineweiss@example.org,525-220-3432x33092,2025-06-26,New
Justin Harvey,anthonywendy@example.com,922-371-8880x896,2025-07-12,VIP
Jason Moore,mckaymartha@example.org,(655)741-7246x3807,2024-04-06,New
Matthew Aguirre,palmerpatricia@example.net,714-294-2705,2024-01-22,VIP
Terry Howell,nealian@example.org,771.797.5192x62454,2024-12-31,Premium
Sara Gray,cooperlynn@example.org,(910)342-2024,2024-08-04,New
Joe Bradley,alexanderchoi@example.com,001-942-619-5674x41165,2024-01-05,New
Robert Conway,npalmer@example.net,726.639.5529x24871,2024-05-08,Regular
Lori Crosby,sarahdeleon@example.org,+1-529-371-5639x845,2024-05-04,Regular
Lisa Jones,mitchell72@example.com,+1-763-920-0908,2025-08-27,Premium
Robert Brown Jr.,dicksonlauren@example.net,001-596-835-6740x45204,2024-01-12,Premium
Colin Hancock,chelsealee@example.org,688.771.6925,2024-12-09,New
Yolanda Robbins,wrogers@example.org,683-759-5276x6594,2024-10-21,Regular
Roberto Huber,jamesle@example.net,+1-882-437-9246x622,2024-09-20,Premium
Stephen Gonzales,fsanchez@example.net,(534)355-9936x910,2025-03-31,VIP
Emily Farmer,rossmark@example.com,828.374.8765x871,2025-10-04,VIP
Rick Ford,vaughanmichael@example.com,001-589-365-2472x138,2025-07-25,Regular
Carolyn Carson,vincentgarcia@example.org,4488751679,2025-05-19,VIP
Deborah Williams,nguyenvictor@example.net,930-469-7598,2024-07-17,Regular
Cynthia Clements,gthomas@example.com,653-275-5569x777,2025-02-01,Regular
Paul Ross,victoriajackson@example.com,001-267-563-8948x593,2025-03-01,VIP
Andrew Rogers,sarahcole@example.net,432-853-2985x12380,2025-03-24,VIP
Rebecca Middleton,richardsonmelissa@example.com,6538947455,2024-08-06,Regular
Sherry Williams,kimberly20@example.org,+1-843-240-9791x1147,2025-11-01,VIP
Lisa Holmes,walkerwalter@example.org,001-303-244-3675x69015,2025-12-11,Regular
Karen Adkins,samuel11@example.com,(487)961-9930x8485,2024-09-13,VIP
Clinton Mann,garymorrison@example.net,001-369-651-7093x455,2025-03-29,VIP
Courtney Anderson,owensrebecca@example.org,779.664.0209,2024-04-28,New
Heidi White,kirbytina@example.org,001-889-719-2956x5315,2025-08-07,Regular
Mrs. Amanda Robinson MD,george97@example.org,873-477-6988x5558,2025-06-17,New
Ashley Hendrix,ginachandler@example.net,957.422.5120,2025-04-13,New
John Bartlett,sarahdavis@example.org,+1-238-821-0594x702,2024-10-31,VIP
Kimberly Conway,rhonda66@example.org,+1-964-276-0989x90307,2025-11-18,VIP
Morgan Good,baxterarthur@example.com,316.629.8584,2025-10-15,VIP
Jodi Smith,jamessmall@example.org,(298)628-1337x842,2024-02-28,Premium
Christina Baker,byrdbrandi@example.org,+1-632-542-6963,2025-01-14,New
Susan Hill,mooremelinda@example.net,+1-615-571-5179x423,2024-02-26,VIP
Joseph Middleton,hutchinsonstuart@example.org,850-872-0609x81602,2025-01-05,Premium
Megan Cannon,ihood@example.com,736.619.1882,2025-08-14,New
Susan Tate,karla54@example.com,827-585-3441x402,2025-04-24,Premium
Miss Angela Wagner MD,ywhitaker@example.com,684.512.3788x347,2024-01-18,Regular
Frank Adkins,jessica05@example.com,(518)375-6862,2024-02-04,VIP
Troy Olson,richardsrodney@example.com,961-447-4550x47205,2025-02-06,VIP
Sean Gonzalez,taraflores@example.org,+1-763-351-0306x34098,2024-12-20,New
Chelsea Wood,hfields@example.net,967-534-1688x072,2025-05-27,New
Natasha Gregory,ymaldonado@example.net,+1-443-650-7943,2024-06-30,Premium
Deanna Smith,qjackson@example.org,+1-302-857-3497,2024-11-26,VIP
Terri Cannon,gillespiebrittany@example.com,(565)207-2530x7637,2024-04-09,Regular
Antonio Ramsey,laurie49@example.net,4089180089,2025-02-23,VIP
Chelsea Palmer,cassie43@example.com,+1-324-767-9630x904,2024-06-15,Regular
Jessica Santiago,johnsonjacqueline@example.com,383.558.8942x5859,2025-02-28,Regular
Martha Barry,jenniferboyle@example.org,001-301-760-6546x6908,2024-06-02,New
Andrea Steele,colemanelizabeth@example.net,001-246-539-3788x228,2024-12-13,New
Joseph Jordan,emcclain@example.org,(788)225-7732x2022,2025-12-14,Regular
Shirley Gilmore MD,iliu@example.com,266-290-5836x3808,2025-11-24,VIP
Cindy Walker,bobrien@example.net,(347)413-8528,2025-06-23,Premium
Anthony Bright,taylorshelley@example.com,449-455-8691x9347,2024-08-31,Premium
Juan Love,amymorgan@example.net,(408)783-3150x29367,2024-02-11,Premium
Linda Adkins,vegapeter@example.org,887-832-6970,2025-07-27,Premium
Scott Mann,hgrant@example.org,774-288-6458x1007,2024-04-01,Regular
Todd Lawrence,porteramber@example.com,998.234.5085,2024-06-19,VIP
Olivia Smith,jessica52@example.org,337-291-3998,2024-06-18,Regular
Felicia Harvey,smithcasey@example.net,654.738.7653x05677,2025-07-26,Regular
Amy Mueller,christinewalsh@example.net,001-236-306-6006x109,2025-09-23,New
Bryce Scott,jennifer34@example.org,334-866-0487,2025-04-05,VIP
Tracy Cunningham,katie15@example.org,+1-746-406-7486x19639,2024-02-18,New
Jonathan Boyer,tara14@example.org,(667)837-8364x82930,2025-01-11,New
Nicole Johnson,fcurtis@example.org,5696074860,2025-04-26,Premium
William Duncan,scottpham@example.com,001-511-987-3321,2025-11-16,VIP
Heather Pitts,wroman@example.org,+1-830-767-8457x9063,2024-08-20,VIP
Charlene Smith,john63@example.com,+1-715-820-4971,2025-12-12,Regular
Jennifer Williamson,daniel92@example.org,+1-733-500-1398x686,2025-06-06,Regular
Miss Grace Norton,mitchell38@example.com,289.805.9861,2024-01-13,Premium
Emily Warren,carol39@example.org,554.988.8353x3803,2024-08-11,Regular
Erik Cardenas,gweiss@example.net,8704092564,2024-07-28,VIP
Emily Salinas,kchase@example.com,903-786-0854x67161,2025-05-02,Premium
Jessica Brown,courtneyhall@example.org,001-934-879-2716,2025-12-01,New
Thomas Phelps,jennifer30@example.org,+1-285-240-0603x742,2025-11-23,New
Theresa Lozano,malloryburke@example.com,312.585.3380x5133,2025-09-05,VIP
Robert Dyer,benitezkristina@example.org,+1-751-883-7289,2024-11-23,Premium
Kevin Cunningham,sarajacobson@example.org,+1-656-542-1506x34666,2025-01-28,Regular
Amber Moore,benjaminbryant@example.net,001-236-944-0232x0044,2025-04-13,New
Sarah Rivas,adamsanthony@example.net,813-832-7190,2025-09-29,Premium
Scott Gutierrez V,davidsharp@example.org,344.970.8576x42747,2024-12-16,Premium
Stacey Wells,jenniferjenkins@example.com,(820)226-1988x185,2024-09-21,New
Dustin Watson,daisymiller@example.com,(264)609-4948,2025-11-21,New
Lawrence Hanson,alexandrataylor@example.net,290.959.2801,2024-11-06,VIP
Jose Evans,andrewmckay@example.net,885.786.5202,2025-09-09,Premium
Christopher Carr,marywalker@example.org,870-534-4584x89424,2023-12-26,Premium
Jeffrey Prince,alexisclements@example.net,599.442.9150,2025-10-23,New
Michelle Lowe,fmiller@example.net,+1-804-971-6478x74328,2025-07-06,New
Elizabeth Hall,phillipsryan@example.net,478-408-1221x029,2025-10-22,VIP
Michael Castillo,jeffrey24@example.org,525.310.8333x783,2025-03-07,Premium
Melissa Brennan,ann35@example.net,5575634508,2024-07-24,New
Susan Hess,svasquez@example.com,001-451-393-5552,2025-04-30,VIP
Cathy Cain,jennifer68@example.net,8885564506,2025-01-26,Premium
Renee Young,anitacrawford@example.org,(426)404-1889x122,2025-07-11,Regular
Jeffrey Rivera,ochoamary@example.net,306-794-2062x14592,2025-09-07,New
Gabriel Hurley,qreyes@example.org,8405288346,2025-02-27,VIP
Kayla Wells,allenangela@example.com,653-638-0079x9030,2024-02-25,Premium
Valerie Gonzales,heather43@example.com,378-919-5689x00599,2024-07-20,VIP
Samantha Chapman,davieskristy@example.com,001-505-242-3082x90041,2024-04-08,VIP
Joseph Pace,andersonsydney@example.com,300-983-2414,2024-10-21,Premium
Kevin Reed,kelly83@example.org,+1-911-644-8503x4199,2025-11-25,VIP
Brittany Jones,andrew24@example.org,001-280-282-3628x392,2024-06-26,Premium
Shelly Estrada,kerryreynolds@example.com,529.534.7904x6061,2025-04-18,Premium
Susan Black,judy55@example.org,001-936-582-2709,2025-09-03,Regular
Matthew Schmitt,ellisrobert@example.net,424-329-1126x7925,2025-03-14,VIP
Michael Delacruz,markanderson@example.org,721-769-5829,2025-06-23,Premium
Steve Mitchell,ashley58@example.org,001-338-939-3709x282,2025-09-10,VIP
Colton Vazquez,yday@example.com,+1-693-970-2491x342,2024-08-04,New
Andrew Harding,maldonadovanessa@example.net,+1-348-242-0723x91939,2024-08-10,Premium
Kirk Gray,tiffany12@example.org,324-733-6247x0861,2025-08-21,New
Amanda Gonzalez,mike70@example.org,648.689.8315,2025-12-13,VIP
Jessica Wilson,david89@example.com,001-994-609-9515x21838,2024-09-19,New
Nicole Lambert,janicegraham@example.com,482-673-6415x478,2024-04-08,Premium
Victoria Martin,michaeldavis@example.com,+1-219-466-1299x04209,2024-10-15,Premium
Michelle Harrison,michael07@example.net,422.348.6015,2024-12-14,New
Joseph Jones,bellkaitlyn@example.net,553.820.1078x37861,2024-07-29,Premium
Karen Nunez,aphillips@example.org,+1-931-586-9522x53567,2025-04-01,Premium
Ryan Fowler,lucas68@example.net,809-445-1806x684,2024-06-18,Premium
Julia Aguilar,jwells@example.net,+1-652-382-6279x3021,2024-10-22,Premium
Laura Manning,ljacobson@example.net,(355)697-1946,2024-10-21,New
Dr. Christopher Scott,qmassey@example.org,(701)699-3296x0123,2024-09-25,New
Alisha Mercer,dan97@example.org,629.766.9319x5718,2025-04-25,Premium
Megan Perez,srandall@example.net,894.838.9876x92545,2025-05-20,New
Connie Potter,brandy29@example.com,001-386-716-8511x596,2025-02-27,New
Thomas Roberts,eclark@example.com,(654)632-4947x25284,2024-01-14,New
Rachel James,zglover@example.org,912.835.2235x987,2024-10-17,Regular
Joanne Walters,samuelmills@example.org,(480)394-1095x9759,2025-05-25,VIP
Thomas Fisher,znguyen@example.net,(532)512-7192x482,2024-04-25,Premium
Andrea Hutchinson,palmersally@example.net,(925)746-2760x103,2024-03-03,Regular
Lisa Moore,craigperez@example.org,621-615-3806x8473,2024-04-08,Premium
Carol Lee,xcardenas@example.com,001-860-725-7235,2024-07-26,Regular
Madeline Alexander,juancoleman@example.com,001-465-684-2511,2024-03-27,Regular
Vicki Ramirez,marytorres@example.net,877-205-6051x52310,2025-01-28,Regular
Melinda Bell,pmorrison@example.net,(962)551-7156,2024-06-24,Premium
Jamie Barrera,justin45@example.org,001-710-816-6169,2024-12-25,VIP
Denise Rodriguez,hannah30@example.org,953-723-2645x7360,2024-10-19,Regular
Daniel Arnold,damonburnett@example.com,+1-469-608-2628,2025-05-13,Premium
Dave Wilson,sparker@example.org,(944)930-2321,2024-04-12,Regular
Jason Thomas,austinrandolph@example.org,+1-623-970-3416x5452,2024-10-25,Premium
Brett Baker,gregorywinters@example.com,(991)491-7219,2025-07-14,Regular
Luis Stone,riveraandrea@example.net,001-508-792-8664x33827,2025-04-16,Premium
Anthony Murray,james02@example.com,(248)847-5719,2025-11-25,New
Dylan Hudson,upowers@example.org,+1-599-723-8749x7211,2024-06-15,Premium
Sharon Reeves,odomsarah@example.org,(218)322-8085x46380,2024-06-11,Regular
Isabella Hendricks,mgallagher@example.com,+1-938-388-0854x82703,2024-12-03,Premium
Jacob Molina,michaelolson@example.net,463-241-8153,2024-03-25,Premium
Sue Garcia,lynchjoshua@example.net,(291)471-8330x70403,2024-10-30,Regular
Dennis Williams,benjamin49@example.com,+1-959-783-0808,2024-07-07,Premium
Brandy Bass,hreynolds@example.org,001-312-675-0467,2024-05-24,Premium
Susan Parsons,barnesanthony@example.com,2498766378,2024-02-02,New
Kelly Heath,christopher79@example.org,958-354-4064x0129,2024-12-10,Premium
Gregory Lynch,morganbrett@example.net,490-545-6620,2025-05-27,Regular
Dr. Ricky Williams PhD,bryantkaren@example.com,959.672.1845,2024-03-15,New
Laura Jackson,odombrian@example.net,536.896.9751x274,2025-04-03,VIP
Sarah Sanders,stacycolon@example.org,737.693.7089x2771,2025-11-30,Premium
Jake Townsend PhD,michael02@example.org,410-996-2684x020,2025-01-04,VIP
Amber Dean,alanjones@example.com,+1-482-924-7629x6503,2024-02-25,Regular
Donna Hansen,halljoseph@example.com,453-781-9369,2024-04-14,Regular
Bryan Bowman,xbaker@example.org,683-569-0390,2025-08-17,Regular
Michael Carson,lisakidd@example.net,8485165694,2023-12-23,Regular
Isaac Porter,carlos86@example.org,+1-981-512-8483x38340,2025-02-08,Premium
Andrew Cole,robert41@example.org,281.812.2480,2024-07-01,New
Shane Adams,rshannon@example.org,(532)865-8431,2024-01-15,VIP
Barbara Gill,carrollsharon@example.org,997.309.7553x946,2024-07-08,Regular
Charles Torres,markholmes@example.net,773.410.5567x5398,2025-09-11,Premium
Brianna Lee,christopherfox@example.com,+1-939-763-0266x7344,2025-03-06,New
Steve Trujillo,smithjonathan@example.com,221.214.2332x743,2024-02-18,VIP
Curtis Bruce,vanderson@example.net,+1-275-213-4618x1922,2024-02-15,VIP
Sylvia Stevenson,nicolekim@example.net,527-343-8579x795,2025-11-29,Premium
Todd Bailey,kristine45@example.com,(354)651-7482x040,2025-04-03,Premium
Elizabeth Mayo,nathan00@example.org,249.778.3532,2024-11-25,VIP
Joseph Brown,pcooke@example.com,723.247.2934x78775,2025-12-05,VIP
Laura Noble,ryan78@example.com,+1-474-404-7615x891,2024-12-03,Regular
Pamela Durham,gary20@example.org,337.705.7644x84302,2025-07-04,Premium
Caitlin Jordan,donnamiller@example.com,+1-331-375-5398x803,2025-09-05,New
Elizabeth Cohen,drakeheidi@example.com,(761)873-3226x5088,2025-11-25,Regular
Cassidy Leach,michelle22@example.net,(638)401-7500x42206,2025-03-12,Regular
Kevin Huber,smithgerald@example.org,001-615-629-3905x7289,2025-04-19,VIP
Lori Griffin,lopezheidi@example.org,001-250-432-1619,2024-04-01,Regular
Eric Brown,cruzmichelle@example.net,+1-618-805-2732x452,2024-08-29,Regular
Thomas Acevedo,shelby11@example.com,+1-469-738-9988x71770,2025-03-23,Premium
Courtney Barajas,lawrence76@example.com,001-213-848-5038x30142,2024-04-28,VIP
Alicia Schroeder,erincervantes@example.net,682.800.1424x715,2024-01-02,Regular
Leah Collins,woodssarah@example.com,756-682-2564,2024-06-03,New
Michael Smith,ogonzalez@example.com,001-482-776-8969x43950,2024-05-23,Regular
Sandra Martinez,jessica50@example.com,001-501-544-0209x8094,2024-08-12,Premium
Jacqueline Guerrero,tthomas@example.org,836-751-1737x1671,2024-08-07,New
Debra Ball,simpsonmelissa@example.net,884-836-8464x77518,2025-08-19,VIP
Catherine Gray,nicholasflynn@example.org,+1-367-936-7229x08067,2024-12-05,Premium
Angelica Clark DDS,brian80@example.net,001-881-575-7309x6376,2024-05-20,Regular
Kristi Osborne DDS,bakerrebecca@example.net,+1-883-277-8391x52963,2024-06-13,VIP
Andrea Chapman,darryl29@example.com,001-327-523-2470,2024-11-11,New
Steven Harper,nsmith@example.org,(422)222-0795x4403,2025-02-13,New
Randy Lopez,ryangomez@example.com,589.295.8481x6745,2024-02-06,New
Mary Rodriguez,jamie12@example.org,367-267-6136,2025-02-15,New
Todd Olson,danielpruitt@example.net,(554)445-0085x64210,2025-05-22,Regular
Anita Evans,hendersoncynthia@example.net,(944)912-3513,2024-02-17,New
Meghan Scott,sheenadelgado@example.net,+1-200-797-1833x800,2024-02-04,Premium
William Chavez,xwebb@example.com,576.937.0946x81035,2025-02-14,Premium
David Torres,wyoung@example.org,251-737-0000,2025-05-20,Regular
Rhonda Lucas,robert65@example.org,+1-661-384-6547x8124,2024-06-04,Premium
Kelly Jackson,ulewis@example.net,448-470-0563,2024-06-30,VIP
Angel Hansen,gutierrezrobin@example.org,(751)827-6121x974,2024-04-26,VIP
Joshua Lopez,moonadrian@example.net,452-238-5776x0099,2025-01-25,Regular
Robert Davis,oayala@example.net,884-365-5153,2024-06-27,VIP
Shawn Brown,christy97@example.com,(553)550-0634,2024-05-16,Regular
Michael Turner,weaverphillip@example.net,947.934.4239,2024-06-20,Regular
Alexander Rose,carlfletcher@example.org,785.983.0033x888,2025-06-27,Premium
Nicole Flynn,nicholas95@example.net,+1-538-526-5325x882,2024-07-30,VIP
Collin Cooper,mbaird@example.net,+1-836-342-2373x468,2025-12-09,Premium
Jonathan Taylor,michael75@example.net,(358)512-7644x3160,2025-08-03,New
Dr. Laura Anderson,triciamitchell@example.net,684-632-0781x021,2025-10-11,Premium
Gregory Johnson,wwalsh@example.org,849.331.7637x43664,2025-02-20,Regular
Samuel Hernandez,jennifer17@example.org,+1-804-795-6210,2025-03-07,VIP
Andrea Clark,fletcherkenneth@example.com,8294426832,2024-05-31,New
Sean Hunter,hinespatricia@example.com,760.945.2035,2024-03-12,Premium
Jose Luna,caitlin77@example.net,+1-817-433-0913x2883,2025-04-22,Regular
Tiffany Johnson,hicksbenjamin@example.org,566-378-4299x47659,2024-05-02,Premium
Steven Fletcher,molly51@example.net,9279511094,2023-12-29,VIP
Bryan Vazquez,garycobb@example.net,(946)583-9707,2025-05-26,New
Omar Herrera,mking@example.com,+1-912-434-5268x8176,2024-04-12,Regular
Kyle Martin,michael46@example.net,887-775-6082x7475,2025-01-20,Regular
Mrs. Amanda Young,wwebster@example.net,(549)468-8700x0725,2024-12-23,Regular
Nicole Scott,emilyroberts@example.com,948-246-2502,2024-06-23,New
Brian Washington,hughesalexander@example.net,+1-328-790-9471,2025-04-14,VIP
Marvin Wu,ianderson@example.org,541.974.9615x018,2025-06-25,New
Ricardo Lewis,silvarachel@example.net,(427)764-3535x68009,2024-07-25,Regular
Tyler Johnson,deckerbrian@example.org,(383)607-6377x564,2024-03-25,New
Grace Carson,scotthall@example.net,872-952-7381x810,2025-02-11,Regular
Randy Watson,turnerjoshua@example.org,+1-564-633-9139,2024-03-15,New
Valerie Bernard,tgraham@example.net,918-334-1930x9674,2024-01-26,New
Billy Smith,sandra82@example.org,899.638.1496x131,2025-06-19,Regular
Jonathan Reyes,david79@example.org,(828)745-1421,2024-10-27,VIP
Brian Lopez,carl78@example.com,7546135415,2024-03-06,VIP
Wesley Ho,george46@example.net,355-885-1755x413,2025-07-03,Regular
Tonya Miller,deniselopez@example.com,855.445.4392,2025-08-11,VIP
Jeffrey Mckenzie,beardchristina@example.net,+1-224-718-4549x2858,2024-04-02,Premium
Carol Jones,zachary04@example.org,862-393-7808,2025-09-09,Premium
Richard Price,ryan45@example.org,461.372.2033,2024-01-17,Premium
Heidi Martinez,daviskayla@example.org,+1-298-436-1479,2024-02-05,VIP
Timothy Clark,eric47@example.org,657.496.9452,2024-11-13,Premium
Kimberly Pena,betty10@example.net,971-878-0903x11592,2024-05-20,Regular
Nancy Ortiz,jessica25@example.org,+1-465-325-1725,2024-10-08,VIP
Amber Stone,nclark@example.net,001-279-520-9534x868,2024-02-13,Premium
Tina Henderson,webbdonna@example.org,+1-425-961-2334x1844,2025-10-25,VIP
Joseph Brown,nicholas12@example.org,(782)978-0141,2024-02-16,New
Leonard Lester,shannonponce@example.net,414-284-4449,2025-02-20,VIP
Todd Sullivan,udavis@example.org,528.210.6328,2025-01-14,Regular
Susan Hoffman DVM,jessicaanderson@example.com,958-511-0621x10783,2024-04-24,VIP
Carla Scott,farleykeith@example.org,+1-422-539-0667x71696,2024-06-07,VIP
Devin Brewer,jose05@example.net,001-277-979-3724x6583,2024-04-29,New
Bobby Bowers,vanessa79@example.com,(511)875-3344x95945,2024-05-21,VIP
Joshua Bennett,johnsonchristopher@example.com,641.416.9939x6823,2024-11-07,Premium
Brittany Jones,crystal10@example.net,6768025988,2025-01-16,Premium
Mary Weber,sanderswilliam@example.com,219-957-4383,2024-09-08,VIP
Charles Lewis,gvasquez@example.com,(610)999-6202x952,2024-05-10,Premium
Taylor Medina,matthew12@example.org,001-435-440-7291x134,2024-06-22,Premium
Sandra Wu,amy17@example.com,753-641-7449,2024-07-29,New
Christopher Hubbard,robertosmith@example.org,439.433.1586x196,2024-09-09,Premium
Elizabeth Sanders,olsonelizabeth@example.org,+1-740-309-7720x38858,2024-08-24,Premium
Alex Kelly,hollyfletcher@example.com,816-780-3493x88802,2024-04-07,VIP
Daniel Brown,amygoodman@example.com,+1-399-560-3328,2024-11-17,New
Misty Paul,mwalker@example.net,(564)301-2584x6841,2024-08-10,New
Audrey Mendoza,maria11@example.org,+1-854-439-3080x025,2025-05-10,VIP
Ralph Allen,msanchez@example.com,325-594-8616,2024-09-24,New
John Strickland,coxbrittany@example.com,463.287.4642x6393,2024-10-11,VIP
Anthony Ho,krista79@example.net,455.755.4997,2025-08-17,Regular
Steven Rice,webbjohn@example.net,459-230-6172,2025-02-02,New
Bobby Patel,pagesteven@example.org,4686432340,2024-07-24,New
Nicole Martinez,micheledaniel@example.com,001-628-385-7622x2853,2024-11-01,Regular
Jessica Hart,laurendavis@example.com,+1-709-804-6525x524,2025-12-07,VIP
Jennifer Silva,michellemorales@example.org,566-836-4279,2025-03-10,Premium
Amanda Manning,dennisparker@example.com,001-661-745-2034,2024-04-18,Regular
Michael Goodman,reginashaw@example.net,(424)402-1509,2025-08-06,Premium
Brittany Thomas,lbrown@example.org,(992)602-8210x8488,2024-03-11,VIP
Amanda Goodwin,samantha01@example.org,701.485.3842,2024-11-19,VIP
Kristin Tucker,williamscharles@example.com,265.973.2220,2024-02-28,VIP
Jeremy Sims,fordjennifer@example.com,5725670257,2025-09-24,VIP
Justin Garcia,ogreen@example.com,636-422-5936x84125,2024-04-26,VIP
Maria Roberts,dawnwillis@example.net,403.431.3894,2025-09-28,Regular
Ethan Woodward,amandamills@example.net,001-747-701-9312x268,2024-11-01,New
Valerie Johnson,mendozashannon@example.net,+1-322-703-1968x948,2024-01-07,VIP
Colin Rogers,zmyers@example.org,881-700-6815,2025-03-07,VIP
Anthony Miller,ujohnson@example.com,5598113890,2025-06-15,VIP
Cheyenne Johnson,nicholasandrews@example.com,+1-962-924-6562,2025-11-03,VIP
Rachael Smith,john01@example.com,001-396-572-6732x100,2024-04-03,VIP
Terri Jones,matthew71@example.net,(631)596-6881x792,2024-12-22,New
Janet Austin,luis54@example.net,(470)899-7007x79931,2025-05-08,Regular
Dylan Romero,millerlisa@example.com,001-281-553-2496x790,2025-11-11,Regular
Christine Dawson,nicole18@example.org,(396)618-7126x31729,2025-11-27,VIP
John Mitchell,robin77@example.com,(638)839-1227x10590,2024-08-26,Premium
James Taylor,jenniferwalker@example.com,(736)358-3076x3775,2025-07-08,New
James Blankenship,todd96@example.com,(575)880-4811x522,2025-10-11,Premium
Ryan Erickson,aarongrant@example.com,(728)345-8066,2025-09-05,VIP
Justin Moore,parkermason@example.org,001-237-783-4036x3475,2025-06-27,VIP
Jason Henderson,anaschneider@example.org,8858440077,2025-02-16,Regular
Robert Hernandez,bobby24@example.org,(262)458-5814,2025-08-24,Regular
Julie Ray,fwagner@example.com,001-271-598-0584x7284,2024-06-25,VIP
Amanda Cook,tryan@example.net,4949047519,2024-12-13,VIP
Carolyn Owen MD,mjones@example.com,389-231-3896,2025-03-05,New
Anthony Johnson,markcarter@example.net,412-420-3445x227,2025-05-17,VIP
Thomas Branch,carolineray@example.org,001-673-452-6654,2024-08-30,Premium
Katherine Sampson,ytorres@example.org,001-586-746-2734x85895,2024-12-04,Regular
Troy Hooper,brent61@example.net,+1-248-291-0858,2024-09-13,New
Daniel Hernandez,brian02@example.org,+1-854-636-7204x893,2025-11-05,Premium
Kenneth Cooper,butlerwilliam@example.net,908.694.3942x852,2025-09-14,New
Megan Morgan,pwhite@example.org,993.425.2843,2023-12-23,Regular
Tammy Sanchez,christinenunez@example.com,380-655-7610x0695,2025-04-07,Regular
Joy Williams,aortiz@example.org,4184915312,2024-04-11,New
Timothy Chang,jlynch@example.com,001-299-889-1936x03602,2024-10-14,Premium
Justin Goodman,cassandraking@example.org,(969)932-2101x31963,2023-12-30,Premium
Kimberly Swanson,stevethompson@example.org,819-661-2397x3746,2025-06-29,Premium
Heather Perkins,robertevans@example.com,(807)297-8455x32438,2025-02-19,Premium
Erin Durham,barrysmith@example.org,935.800.5415x072,2025-01-23,Premium
Pamela Edwards,wallacerhonda@example.net,(637)582-0806,2024-06-29,New
Danny Atkinson,ctucker@example.net,277-790-3091x305,2024-01-08,VIP
Dwayne Cole,mary31@example.org,001-597-989-4571x51854,2025-11-24,Premium
Dana Fernandez,amandataylor@example.com,202.435.0001x23584,2025-05-15,Regular
Mark Durham,oliverjoseph@example.com,416.523.5738,2024-03-08,Premium
Charles Roberts Jr.,richard89@example.org,764.637.3257x65070,2025-08-19,Regular
Michael Mcbride,markrussell@example.com,001-753-627-0167,2024-10-15,VIP
Laura Howard,millerdaniel@example.net,435-580-0155x2312,2025-06-21,Premium
Cindy Chapman,johnsontimothy@example.org,001-419-200-7108x840,2024-06-18,VIP
Dana King,tevans@example.net,(933)988-5057x446,2024-05-03,Premium
Jeffery Wright,wardsteven@example.com,822.920.5044x5315,2024-03-29,Regular
John Howard,daniel72@example.com,271.558.5319x345,2025-02-16,VIP
John Archer,chenaaron@example.com,001-808-834-0408,2025-02-02,VIP
Dr. Rachel Smith MD,nicholasperkins@example.com,001-772-851-8949x3202,2024-02-28,New
Jonathan Walsh,fparks@example.net,539.836.0589,2025-07-30,New
Matthew White,xbaker@example.net,653.588.1649x5640,2025-11-07,New
David Simpson,ujackson@example.com,465-915-2116x022,2025-08-13,Regular
David Jones,youngkayla@example.com,(775)202-6046x934,2024-02-05,Regular
Zachary Blevins,katherine35@example.com,548.738.0509,2024-07-20,New
Brian Thomas,paulrhodes@example.com,001-230-587-0862x06870,2025-03-01,New
Samuel Nunez,austinclaire@example.com,713-823-9863,2025-08-09,New
John Brown,fmullins@example.org,(574)894-4142x73977,2025-04-28,VIP
Michael Sullivan,luisanderson@example.com,631.277.6073x46510,2025-01-14,Premium
Elizabeth Cooley,waynepeters@example.net,903.211.4818x71789,2023-12-25,VIP
Tonya Kim,prich@example.net,001-626-657-6549x1397,2024-12-31,Regular
Anthony Mendoza,ashley20@example.com,472-795-5962,2024-09-03,New
Jose Thomas,julialeblanc@example.com,359-482-5792x842,2025-07-13,New
Patricia Allen,alyssataylor@example.net,962.878.5472,2024-10-25,VIP
Joanne Mckinney,clintonmills@example.net,+1-662-859-6757x59072,2024-03-17,Premium
Patrick Duncan,hancockjoshua@example.net,001-730-735-2038,2024-03-20,Premium
Fernando Lynch,powellgrace@example.com,907-945-4010x816,2025-07-18,Premium
Robert Rios,vegajorge@example.org,4504885842,2024-07-30,New
Michelle Moore,boydstacy@example.com,(737)233-5307x3343,2025-05-29,Premium
Stephen Casey,ruiznicholas@example.com,8456707065,2024-03-03,New
Matthew Poole,ycoffey@example.net,+1-730-323-4775x9766,2024-03-16,Regular
Thomas Garcia,cmartin@example.org,888.598.8669x55049,2024-02-13,New
Michael Stanley,gsexton@example.net,+1-478-536-8971,2025-10-06,New
James Fitzpatrick,grobinson@example.net,456-840-2878,2025-06-07,VIP
Jeremy Lopez,delgadoryan@example.org,+1-579-376-2000x3909,2024-04-30,Premium
Brandon Brown,hmartin@example.com,001-529-229-2401x200,2025-07-27,Regular
Kristen Jennings,nevans@example.org,+1-544-664-3655x1798,2024-11-11,New
James Conrad,arivas@example.com,404.393.7003,2025-03-10,New
Sarah Mann,oconnorricky@example.net,001-801-552-1204,2024-11-09,New
Dennis Owen,xavier71@example.org,(957)542-8618,2025-08-14,New
Lisa Nguyen,shannon17@example.net,001-396-554-0895x5104,2025-10-08,Regular
Briana Gonzalez,scott92@example.com,(509)642-5203x3285,2025-10-12,VIP
Jeffrey Martin,robertsmelissa@example.org,(407)876-9795,2025-10-02,Premium
Dennis Brown,knoxlori@example.com,574-955-2806x8701,2025-09-22,New
Lance Perez,jessicafranklin@example.org,(317)273-9445x72841,2024-09-17,VIP
Natalie Parker,hamptonerin@example.net,234-874-2682,2024-12-31,New
Anthony Turner,samantha38@example.com,997.669.1275x56565,2024-01-12,Premium
Jessica Davis,knightmatthew@example.net,001-582-905-4046x903,2024-03-24,Regular
Steven Duran,morgan11@example.net,+1-702-232-8377x93236,2024-09-09,VIP
Donald Schultz,aadams@example.com,657-735-0132,2024-06-06,New
Meghan Esparza,william07@example.com,274.268.2762x8933,2025-06-14,Premium
Kristin Jefferson,ulowery@example.org,681-289-7712,2024-11-03,VIP
Dorothy Williamson,dannybell@example.net,321.743.0857,2025-11-05,VIP
Sonya James,rachel06@example.com,001-833-407-9541x803,2025-03-26,Premium
Austin Christian,andrewjohnson@example.org,+1-633-276-2850x32673,2025-04-15,VIP
Scott Jackson,spreston@example.net,+1-365-503-2451,2024-11-24,Premium
Jordan Francis,christina58@example.net,3616734491,2024-12-06,VIP
Ashley Ballard,mirandahebert@example.com,+1-750-632-0910x4687,2024-05-26,New
Tina Smith,uavila@example.net,001-604-809-9518x972,2024-10-01,VIP
Michael Davis,hectorjenkins@example.org,983-640-6124,2025-07-18,Regular
Janet White,bonnie98@example.com,001-513-964-6963x87808,2024-08-09,VIP
John Larson,vcarson@example.net,+1-548-623-8540x23776,2025-04-09,VIP
Carla Brooks,katherine64@example.com,+1-924-433-5334x6078,2025-02-01,New
Mackenzie Lopez,collinsoscar@example.com,+1-948-932-4015x2747,2025-09-07,New
Thomas Clark,portermatthew@example.net,(540)470-6470x242,2024-05-14,VIP
Michelle Turner,jacksonmichelle@example.com,5552129418,2025-06-13,Regular
Zachary Taylor,ssmith@example.net,837-323-8532x2554,2024-03-11,Regular
Erik Cline,robertbond@example.net,001-487-781-9870,2025-07-30,Regular
Tracy Norton,doughertyjerry@example.com,+1-454-419-4607x15923,2024-10-20,VIP
Jody Herman,ufarrell@example.org,4303593074,2025-01-11,Premium
Elizabeth Key,whitechristopher@example.org,517-433-7734x66181,2025-09-06,VIP
Michael Thomas,morrisonmanuel@example.net,3254302974,2024-03-14,Regular
Carrie Thompson,wjones@example.com,(296)913-4690,2025-03-25,New
Charles Warren,ochoalori@example.com,6897340643,2025-07-31,Premium
David Aguirre,kryan@example.net,(456)495-6316,2024-12-26,Premium
Mandy Adams,catherine01@example.com,001-373-612-6604x94570,2024-03-27,VIP
Julie Sanchez,reynoldselizabeth@example.org,(343)341-7719x94793,2024-03-07,Premium
Manuel Mills Jr.,lisaclark@example.com,710-594-5650,2025-05-04,VIP
Pedro Lopez,angela61@example.org,462-554-2780x09783,2025-10-06,VIP
Michael Henderson,ofisher@example.org,001-598-693-9643x847,2024-10-02,Regular
Raymond Garrett,ifuentes@example.org,490.406.0307,2025-02-13,New
Lisa Perez,cookeric@example.org,359-557-7078x7421,2024-09-23,New
Todd Green,enelson@example.net,990-549-3635x195,2025-01-06,Regular
Adam Bailey,cassandra38@example.com,944-949-5964,2025-07-09,Premium
Larry Tucker,ddougherty@example.org,+1-835-910-2286x72661,2024-03-04,Premium
Lori Stokes,tuckermartha@example.com,6717727729,2025-05-06,Regular
Jonathan Rodriguez,david76@example.com,(871)538-2751,2025-01-19,Regular
Danielle Fowler,griffintheodore@example.com,001-491-888-8453x667,2024-06-10,Regular
Keith Garcia,phanna@example.org,497.311.3987,2024-08-18,Premium
Melinda Lam,joseph37@example.com,001-336-478-5325x95215,2025-03-10,Regular
Jane Parker,michele96@example.net,244.565.9488x9065,2025-05-16,VIP
Tracey Porter,adam99@example.com,(496)326-1110,2024-01-26,Premium
Patricia Alvarado,juliewilliams@example.org,+1-964-533-4576x99541,2025-03-14,Premium
Mary Casey,xdecker@example.com,604.589.5343,2024-12-16,VIP
Joan Goodwin,erin26@example.com,(571)449-4980,2025-10-02,New
Mitchell Gonzalez,ryancalderon@example.org,380.799.7025x250,2023-12-24,New
Brad Smith,patricia19@example.org,6562386614,2024-08-20,Premium
Colleen Rodriguez,coxmiranda@example.com,243.505.5228x7579,2024-07-13,Regular
David Williams,shawnpatrick@example.net,001-770-559-8862x1103,2024-08-14,Regular
Wyatt Barker,stevensampson@example.com,001-485-680-7541x07600,2025-04-27,Regular
Timothy Rhodes,longdebra@example.com,+1-535-943-2446x5273,2024-08-25,VIP
Chelsea Whitehead,dalepowell@example.org,+1-581-519-4982x0108,2025-07-17,Premium
Nicole Murray,pfreeman@example.com,6896371551,2024-10-18,Regular
Robin Hernandez,patriciagonzalez@example.com,395.520.1693x561,2024-09-25,Premium
Chelsea Stout,udavis@example.net,475.974.3274x48212,2024-05-02,VIP
Robin Sutton,peggydiaz@example.com,820-987-8863,2025-06-27,Premium
Mary Sanchez,williamsmichele@example.net,(602)627-7540x228,2024-08-21,New
Stacey Johnson,aparker@example.org,(263)522-5803,2025-10-07,New
Mr. Eric Chapman,karen12@example.net,001-560-672-7523x37565,2024-11-13,VIP
Riley Reeves,holtnancy@example.net,(982)912-1378x996,2024-10-06,Regular
Kristy Strong,gmcdonald@example.org,253.657.7051x39895,2024-12-17,Premium
Joshua Martin,nsmith@example.net,+1-274-950-3057x28208,2024-08-21,New
Justin Williams,patrick42@example.org,542-281-1264,2024-07-04,New
Katelyn Bryant,shawcody@example.net,392.530.5138x8367,2024-07-04,Regular
Christopher Porter DVM,livingstonchristopher@example.org,+1-992-408-5629x2134,2025-08-15,New
Jennifer Cooper,christine70@example.net,(855)538-3757x89846,2025-11-17,Premium
Justin Mcmahon,alexandriabartlett@example.com,681.464.8586x6853,2024-05-05,New
Roy Miller,evanbradley@example.net,634.521.2184,2025-06-13,Premium
Veronica Rodriguez,vjackson@example.net,(386)704-7964x318,2024-04-10,New
Timothy Collins,watsontammy@example.net,698-215-2844x35173,2025-05-10,VIP
David Santiago,kenneth79@example.com,798.736.2395x148,2025-11-01,New
James West,alejandrocarroll@example.org,+1-434-822-0729x23634,2024-03-15,Regular
Katie Harris,leeduane@example.net,451.924.9931x814,2024-05-18,New
Nicole Molina,claytonmoore@example.com,+1-693-786-4078,2024-12-15,New
Marisa Lucas,tiffany72@example.org,(501)596-1298x0433,2025-09-16,New
Michelle Moran,amber28@example.net,+1-898-259-8615x53729,2025-05-30,New
John Farmer,matthew66@example.com,265.682.0171x57928,2025-05-09,VIP
Pam Flores,floresdanielle@example.com,001-738-652-3176,2025-01-23,Premium
Robert Bennett,travis90@example.com,(237)436-1514x3322,2025-03-04,Premium
Tracey Martinez,riveralinda@example.net,+1-466-610-0785,2025-07-05,VIP
Alexandra Palmer,rjackson@example.net,200.334.9744x739,2024-11-11,Regular
Dalton Barry,jonesaaron@example.net,400.571.9942,2025-04-28,New
Mr. Marc Chapman Jr.,thomasjohnson@example.org,6119551197,2025-11-27,Premium
Michael Williams,qpaul@example.org,(212)951-1377x389,2024-06-27,Regular
Joy Allen,sherry32@example.com,775-975-4874x0346,2024-04-15,VIP
Jean Roberts,hunterstephanie@example.org,976.913.8319,2025-08-31,Regular
Cindy Sanchez,pjohnson@example.com,5889045508,2025-06-29,New
Kimberly Dixon,nicholaswhite@example.net,211.580.2570,2024-12-16,Premium
Christina Sanchez,philliphunter@example.org,222-605-1281x61299,2024-08-02,VIP
Jamie Spears,ecruz@example.net,341-554-0808x4957,2024-07-05,VIP
John Sanchez,kentdavid@example.org,(759)560-1240,2025-02-27,VIP
Melinda Mccarthy,nford@example.net,(669)572-7857,2024-08-11,Regular
John Phelps,nathanbarrett@example.com,+1-936-536-3798x726,2025-02-09,New
Jason Arroyo,gconner@example.org,810.918.3478,2025-06-18,Premium
Paul Blackwell,lynchnicholas@example.net,(419)579-2571x1300,2025-09-27,Regular
Mark Weaver,martinashley@example.com,248-387-9927x0407,2025-09-01,VIP
